question,distribution,supports
"Middle East // When it comes to their values, how much do you think immigrants from each of the following regions have in common with most Americans?","{""A great deal"": 0.018181818630630057, ""A fair amount"": 0.018181820106206163, ""Some"": 0.018185000910287113, ""Not too much"": 0.9272695401343202, ""Nothing at all"": 0.018181820218556567}","[""4VRG2T3CR8"", ""NSJH5FZPLS"", ""XMFL39SFLB"", ""JWE6LWD9EU"", ""U8SCYGK4J5"", ""RJEQK5N2AY"", ""U5Y8JDJZ2R"", ""HS6KJNKVK2"", ""E5DCZECYTU"", ""YUC52WMS9S"", ""9LKYF2WPAN"", ""886GQJVMLN"", ""3K7MNHF3TA"", ""38M2CC87QT"", ""RQHW2L7TUM"", ""V8MNNKQP42"", ""TPGENAB8FB"", ""CP3QGEPLA2"", ""HGY2XSNCRX"", ""T4WD8QMVMF"", ""9SDMTF69JG"", ""JVUG4K67UQ"", ""WT2PPATCCH"", ""VXGK9SURHQ"", ""T8Z9CVNJAY"", ""7QXW557XVL"", ""2J2G5K5FP9"", ""4T9SJRSR7W"", ""T9GBUZX3NZ"", ""JLZDBMMHU7"", ""82963HAQNV"", ""Z466G6W7CG"", ""M9DY4XLEPT"", ""SNG353R7NC"", ""J92J2H6CDC"", ""SNCPCYLNWH"", ""X2TAZM9DZF"", ""Y8R6FMQVXV"", ""F9R5SNB2YF"", ""5HDHFJZ789"", ""BGM72P95HB"", ""57V2W75FDF"", ""N5TED68QTX"", ""ETBLEVGRL5"", ""S2JT29MGGU"", ""8HZPRB584G"", ""EMZCU3V995"", ""JWWSG8D4MK"", ""B5R2EBFLEY"", ""MHGZBELRCZ"", ""X3N3QZM7YQ"", ""XU85UP6MFV"", ""SVAERZZXVF"", ""TPAY3X7FL5"", ""HGKMUV2VA3"", ""2F44A3CAT6"", ""4CVYJZMKZ8"", ""98WY9RLEFN"", ""5VBCCFA55Y"", ""4HV2YAFF88"", ""NAQ96YRCH9"", ""T7QM6J8277"", ""W6B92K8Q5T"", ""33CW4VRHV4"", ""DZBS6G24KD"", ""4TGP2H469L"", ""4AHP43AQ2Z"", ""SSRUBNR6AQ"", ""2MB5QTD8K3"", ""9NYGJ7T9UY"", ""7PWYRZKQZH"", ""9MD8K2K9XQ"", ""8B9JGVLFGD"", ""XXQ74RM7CA"", ""Q665A78FN9"", ""XCAMSNQJJV"", ""32E7WU6Y6L"", ""YF399ZPSX4"", ""EPLBU8G9JP"", ""5VXWTR96UM"", ""QJMDQX9JAA"", ""Q6ZT6HVQY9"", ""B5K3AFNC3T"", ""CGNDFEDLD7"", ""NL8DRLZ6HM"", ""BL92L9UFQW"", ""E866JFHLEZ"", ""G63ATNF8P6"", ""B2PNZMJ2XX"", ""FB5WY48CNQ"", ""YSJP2ZC8XU"", ""RS28QTVUJW"", ""BF6RL92T37"", ""B98FY297RG"", ""GS3ZY3K8PS"", ""6BB8AWVWLC"", ""LSVJE8BVNL"", ""7LKXYXBC55"", ""Y9YHF2TZ37"", ""XUWXFENNB7""]"
Crime // What type of impact do you think immigrants living in the country illegally are having on each of the following areas?,"{""Making things better"": 0.03030303462449833, ""Making things worse"": 0.030447666107783714, ""Not having much effect"": 0.9392492992677179}","[""BSBDC82BFY"", ""ESEP3TZY39"", ""7MWLJVZSHS"", ""LFD7NTNPA3"", ""GMK82HLG6R"", ""62AKHXPGAH"", ""YBQJE43L62"", ""S7386ZAHKY"", ""5UQ9JT3PHE"", ""2LLM96ZA6U"", ""EUWQ2ZKB5P"", ""DWCQTMM6EP"", ""8YCYYQR8UB"", ""GU28EPVLCV"", ""NXAELW3SLC"", ""X78QDYT4NM"", ""UE8QCMUZSZ"", ""97DLPJCP9U"", ""3FRJ8E2DKW"", ""3LVKTNR5JG"", ""L787SWXRKB"", ""CL386LKUEC"", ""9VR9ENUF8S"", ""LFUQ9HJMHK"", ""WGU5YH86A6"", ""EGDZFLCVYT"", ""D8VNBBJ7F7"", ""24UGS9DYYY"", ""PNP6P52U7W"", ""GT3TTY49XJ"", ""RFTCNLUKX7"", ""4F9UH84PF2"", ""KCTB22YPNX"", ""H5U8MX5CQV"", ""P7VW9PA9UL"", ""RLK4JZDXEM"", ""LGR37EB8LL"", ""Z9VT7E2NXX"", ""JZNZ59NHBF"", ""4H3HZVER3F"", ""7SQKYLQTBN"", ""YKAUKXBLWK"", ""QFDDFAM5HM"", ""J72HB26R98"", ""NX7ER7XGEB"", ""CZWJ7F76FM"", ""7R7B5GRGQJ"", ""LRFRHG9M9C"", ""S6BQMHK3AT"", ""QAFWC9JYHJ"", ""QURUN7V3KW"", ""FE5HN49KFD"", ""S37JY73KXH"", ""SEM7ENJGCD"", ""ZDM592SQ2T"", ""VM6AFA246M"", ""SHR54S5NSS"", ""F8LEHFR8JD"", ""PTLCD4Y9YF"", ""R553CB4EE5"", ""5B3W2P4XHM"", ""FU274J6JC7"", ""2FSCRVLGHG"", ""KVAK8K78YH"", ""5QTKDY4J52"", ""E6NHFLCWBX"", ""HUX2ZJF97A"", ""7G7AE2S4SL"", ""SYTEXRD6G4"", ""XBGNAE3Z37"", ""JSLEX5SSJY"", ""5ZDRZC2NTU"", ""2S93YMR6SK"", ""7D3L987KYU"", ""XMFJ3RPXPW"", ""WJLL5SLA7G"", ""DAMNJCC8E9"", ""8NGVT5XMYX"", ""GFR9A8M638"", ""F5N4GJPP7C"", ""LHG3VMNGUP"", ""EFQDCJSS8T"", ""25PDVZFXNV"", ""FYQPQ8QHH2"", ""JL7XFQX6QU"", ""TN66X62UEC"", ""V6YXFRN6E3"", ""NDBC76FVQ7"", ""FLAEJE4C7J"", ""J7BJJZ74UA"", ""S8ANCKSZV9"", ""WESJA9EUTX"", ""ZX4QG47J9Q"", ""9CQYAHU65N"", ""WDAGGLRBEZ"", ""XZ73NQLYUS"", ""B45EVKJ797"", ""2P7DUZ6YT9"", ""BD9RZHSQKL"", ""QGJY6SV876""]"
Do you listen to the radio?,"{""Yes"": 0.9545449234180927, ""No"": 0.04545507658190731}","[""5RSKTWH2U9"", ""XJH8X7DWAH"", ""99Q23Q55U4"", ""RN2YGV6TK2"", ""C8W3H6G2NA"", ""XUV8AKBTXF"", ""WKRGK5TZ27"", ""DUMDN3LFZL"", ""5LM54JRCST"", ""KQ86G3G5JG"", ""GBTMDUXMKB"", ""CEM6P4WS5G"", ""WURN3S56P7"", ""7UTX9TQKPN"", ""9YQNH6SZL6"", ""7YJF5Y2B6Y"", ""K8KLSHTNZF"", ""U6FEDFMQ9U"", ""FQ7JJAWN6A"", ""W6QW2K6FAE"", ""5AS2V8R64N"", ""NZ4JNPCKJ8"", ""6J577ZEYSN"", ""6QKDWAU32Z"", ""NQ62VVPG5P"", ""R68C546C58"", ""69W5QJJ9EM"", ""QAG8DYRB24"", ""QPHWQNFZVK"", ""LA3T3C64KA"", ""LX2Y3SWH88"", ""4U5UN6NDS2"", ""2JSB974ZHA"", ""XHEQ7MBPP7"", ""858LYEBXLS"", ""6RX4S7TDUB"", ""3AULELESHL"", ""XJZLMJK8ZS"", ""XBHJ3VNL4U"", ""XRGS2VMSDH"", ""GXTPQUPEPA"", ""7LEKLDXFZ9"", ""TTQBGBBJ7B"", ""ZVLU8EN77A"", ""96XHKETPZA"", ""6WFJ5DMH4Y"", ""45F2BWALP4"", ""6H7M27JPLW"", ""SKY4CM6LBA"", ""D882HNLWZN"", ""VW3BDHL9W6"", ""GC4JJWRF53"", ""TDDJGE38AH"", ""GVJ2QSS8U3"", ""ZCEVHYA488"", ""3NVDA5DYKY"", ""FFABM6QC3A"", ""K3JZ2KWBC4"", ""87MGK65TYN"", ""H5K48F5Z3T"", ""N8BVQTA4VY"", ""X4ZFJQBFH5"", ""7DCPYHULX6"", ""ZQJ3BXWAE4"", ""M76CZLGAK8"", ""2EF3AAF6UX"", ""ZK94QDK75K"", ""UUU8ZVW7V6"", ""2UTKKAECZK"", ""RLACAHZAHC"", ""UXVHGVAJBJ"", ""QH2MEKR5TC"", ""YFJJPZL3EZ"", ""SDG3EVR678"", ""5E7DAZ4EUM"", ""ZTJRGBUBTL"", ""LS66VADSRE"", ""MHDXNHY5GB"", ""MRZEV7JYWP"", ""RQBGEFJ3M5"", ""EJ3QJGDFWG"", ""6YNTWKCKDV"", ""EZY8W4QRGL"", ""4XNJPHCXQK"", ""4U73HNT4YP"", ""QG5VX7AFYP"", ""N5XCB7KDWJ"", ""VHU8MXHSWS"", ""T733WT2VJG"", ""FDJW3TQDZ2"", ""GTEMGA2BJL"", ""P2R8ET5FRS"", ""GTGCLY74UQ"", ""WPUQ3HAAB3"", ""PRDYP8LAYG"", ""BASP95U95X"", ""B896A2W86W"", ""DVH4W2EN57"", ""VB4NSTNCTV"", ""D8AZ66GF88""]"
Have you ever experienced or believed in any of the following?,"{""Had a sudden feeling of connection with something from beyond this world"": 0.9390755829007833, ""Had a strong feeling that someone who has passed away was communicating with you from beyond this world"": 0.03035377343253732, ""Believe that spirits or unseen spiritual forces exist and have personally encountered one"": 0.03057064366667935}","[""TEF6KEKWQK"", ""LMG8X5XS56"", ""KGLNZ4NNGM"", ""KBR5E4PNP5"", ""H7RFC7CE3W"", ""2DFQ9KPVB6"", ""7TTPX2RWZS"", ""MQNRCMGKJ8"", ""YT642CA3Z3"", ""L8D7KAESQY"", ""KJ4VN6Q6X2"", ""U3QE3MBEWV"", ""MN3UVVF5LH"", ""TYC7HFAVKL"", ""869HQX88CA"", ""RBJCBCZARH"", ""WNPQ8X7V34"", ""MYD5V8N3ZB"", ""LXDLELWYHT"", ""ML8RJVR3RK"", ""X9UB4YYLNZ"", ""8QP52RERAD"", ""HEBCDRCXCX"", ""Q6EXSNH9C7"", ""BYAM257AFH"", ""QF89RTZJY6"", ""CAA8XMRHED"", ""9D8JAFU7QP"", ""22WW7PAJL2"", ""4S7QA6MQ25"", ""PZCQX3TTTR"", ""35R9JB5ZY7"", ""J225LF8BTX"", ""86UZH33EZ6"", ""YN5FG44KB6"", ""UVXN6PQBSH"", ""XFU2BMF2HN"", ""JKDYHGJMQX"", ""8C7RRYQDE2"", ""XNF695T6U8"", ""CJQ2WF5VJZ"", ""FR6LBFJFG6"", ""EGANAEML6F"", ""UUDUAKSGY3"", ""PC98ZQVXV3"", ""U3E4W3QEW2"", ""638MB4UTRV"", ""F83VCKJHSW"", ""DX5SBMT8PX"", ""RGR8FSKJQ3"", ""JJYZDKFX8G"", ""6R2RPTZGU4"", ""W988EAXPRS"", ""9449G23C5P"", ""9W4UEZW4B7"", ""VZS6NJX78S"", ""XLCJZN947A"", ""Y4W69YEVNR"", ""RCGBFTFEKY"", ""3QW96EDASD"", ""GTB6BRMGCN"", ""5HPL4ZC2EP"", ""ZJ3VM8NYED"", ""M6XPSKJ36T"", ""T83AAQGUWA"", ""96W7ZK5Z9T"", ""PATA79BMZN"", ""MF3NXFRVX7"", ""MMCM4AXWKJ"", ""YSSMZHP6ZZ"", ""JG5M5D324T"", ""X4FS279V25"", ""MA3U2B837Q"", ""BQ63SZMH8T"", ""R4PGL585WD"", ""N675JMXQLH"", ""C22BYWFXSG"", ""RAHEEU3R4C"", ""E3THEC9J63"", ""XE8RDT9EKX"", ""QC3AJ46DZZ"", ""3V5DJB5GWK"", ""JCGUQVFAGM"", ""K94LCAJCU7"", ""G97WMEP36V"", ""CAL6Q6QFUJ"", ""ENUAHYFUHX"", ""P2PPZXTLF8"", ""SCLDSK6HQX"", ""B62SFPB5X7"", ""TU3F5NQ88K"", ""4H6A9MYRFH"", ""4UC35VSS4V"", ""GLPQAJHSJG"", ""BASJJWNP32"", ""DLET8N76TQ"", ""DFBYUYUEA7"", ""CHULJFDM5Q"", ""L9XH5X6JL9"", ""CNN3ZT56FE""]"
What benefits do you think video games provide?,"{""Bring people joy"": 0.8050963003073435, ""Provide mental stimulation"": 0.019091754628525987, ""Provide stress relief"": 0.13934396880490812, ""Help improve cognitive skills"": 0.018233753104994335, ""Create a feeling of community"": 0.018234223154228218}","[""TF6P4HJE2A"", ""WQQGKCW8VK"", ""R6YUR486KA"", ""YL96D8HMDR"", ""CZZWHE5KTQ"", ""F3J7FEA396"", ""G9XTY9HXP8"", ""JCD5PK43A6"", ""XBXH3UAH6C"", ""3T424TDYCB"", ""EZ9U9SDE2N"", ""R4GENGUYDU"", ""ZJAR2GYG2B"", ""W8HU227NQ7"", ""UYE288GXT8"", ""7G7VW9ZNEN"", ""8FRB9P8CYK"", ""5ZYHW9JWRM"", ""JTHJY5NM9D"", ""VKUZQXK2Z2"", ""FFQFSS7RA3"", ""J4LU454C4M"", ""E4UKK39BU6"", ""5L7K65K697"", ""KPAQP5BGER"", ""5EAXCANNWT"", ""H6JJKEQ6K5"", ""ETQW8BCAD6"", ""PL6A4F24UY"", ""NUJ787HEZ4"", ""NLPB72AUNL"", ""TREWJFH9H8"", ""DADEWDBZ8F"", ""TBVRN6WLU2"", ""2C7QLHAPKN"", ""8PKPYVD3FG"", ""BLF6SSATEG"", ""MB47H65EKG"", ""XR8CVVQYVE"", ""QKG5ZNJQCR"", ""D2EL3N2RGJ"", ""M5GG7UQKPB"", ""BJA5Y2GZ5W"", ""8LNEMAYXKB"", ""T5N8VXU9D2"", ""VPH888PXDQ"", ""3JALVL2AT3"", ""TUDY9E6YKW"", ""D77MH26ZYE"", ""UCT78GWWZZ"", ""UWY6GAW9GY"", ""DRS2EEMY5A"", ""KUSBJ43ADC"", ""C7EZ36SNFP"", ""SC6ESZVK52"", ""PR36E8QLE3"", ""ERT5GQBRXM"", ""UYAQRPMKKY"", ""BWXAG2TKR5"", ""DTG6VEHE79"", ""XX59AT3C5H"", ""Q4UP4WCJMP"", ""76ATMG6MRJ"", ""DMR7C5WWVP"", ""MTHYYSZJX4"", ""EVK4AH5ZSW"", ""2NXK3H6ZKL"", ""7ZWMQG8M4A"", ""ZSQMEPUW35"", ""P8D2U3UGYG"", ""SDGKW5RXGD"", ""2TZ68F6XUJ"", ""EYFFEBQQDT"", ""N222SGM49Z"", ""NENQ3AZLHW"", ""RNKCC3SXEE"", ""CAEEPLVVD7"", ""NTHL28SR4B"", ""FZDXDKWA4Z"", ""XUPZRPQ49V"", ""XNT4SF3LC4"", ""7X53L8RCGJ"", ""C8LPNCRY3G"", ""UXFPGQKN6S"", ""5P3LZU278W"", ""HEVD53UVGF"", ""TDMFZBLG6S"", ""HAC6LCPKYZ"", ""3J72AEWMC4"", ""ZL2MEJCT4K"", ""96ZVKUDHA9"", ""FP92R7SEPA"", ""BUAZS2N4S6"", ""F7C7S9A6AB"", ""PWGSNNB5SC"", ""D5EPZ2M82W"", ""D5W5WGFAZR"", ""Z4Y9YFTZQN"", ""Z7KX6AWBF9"", ""EUFCS5MAF4""]"
Social and cultural values // What type of impact do you think immigrants living in the country illegally are having on each of the following areas?,"{""Making things better"": 0.030303105176082496, ""Making things worse"": 0.030303061754375176, ""Not having much effect"": 0.9393938330695423}","[""65NRZAXS3T"", ""HRZT3VUZW3"", ""QD5G4PR339"", ""H7UTKJKPKL"", ""SCAW5BECK2"", ""GTW4SWA3V7"", ""DHUWPA8RAH"", ""MJTCYU7ZDQ"", ""S7CMWXPDNA"", ""SUFALVC5RY"", ""LYLX92R3W2"", ""R2XD4GTNSJ"", ""NJH2UTZZEJ"", ""CGFRDWT9AP"", ""628UDTC4BM"", ""DJPGKXUX32"", ""VJVYP3RF2P"", ""NKDHCQ6DMZ"", ""5E75GKDVDE"", ""VL6G5DWFHZ"", ""HFMQQTHQ8F"", ""C32PGPSKZF"", ""DF7FE5Z53R"", ""4RQF9RLT6Q"", ""W57R5PKPFF"", ""6TXWX3GTYP"", ""H9U2BC7VEU"", ""U86FFDAAX3"", ""59ZB5BAQB3"", ""4724BPNQME"", ""C7GHJZW9MM"", ""M7LS6UDC84"", ""85VNN58N8J"", ""HXDUHDM2FY"", ""NF92N9D72J"", ""KAUN79Y864"", ""ED73WYCN9U"", ""WGZXP9SETU"", ""CSU8FXADJ5"", ""KLFHTS6C4D"", ""9MSRNDF4SK"", ""L5AFF3TXCK"", ""Q9WE9A2J2X"", ""VJ9QPSQ6XA"", ""BW7HMWVMU3"", ""VXPN2F2J9S"", ""GLKUZQ2YS3"", ""ELV2KMK2Z6"", ""5YMFCEXMQG"", ""9B6XKYLNZT"", ""V85PDPHB5F"", ""6UKHK34EFV"", ""FEDDGP8S4T"", ""DJU3SP6GGL"", ""KW4UAU6LE4"", ""EL6LTVR8TW"", ""74ST6FEZ9A"", ""44FEJBSJWQ"", ""C7RZJZMCXT"", ""3Y8B2GVVWA"", ""NYLKC3DHRD"", ""L772N3Y82C"", ""5F6952K8ZM"", ""CJLHQAXTMA"", ""92N3A4FN4X"", ""63UF974ZR5"", ""GV9CN6XA4X"", ""KH5KBNSRBK"", ""YX88UJ8F23"", ""HH6V6FQSV6"", ""2B34N66X5R"", ""L4ZWQCSA7K"", ""G9MJARL963"", ""MXG5UCYKWY"", ""BESUD9HP86"", ""8KZ7YLL2YC"", ""SQN3STXUFR"", ""NKT8Z6RPVA"", ""7RKVSC9U6T"", ""JX5PUMEYUB"", ""4GJWAGLM83"", ""WNZCBXMDPQ"", ""7VE48X9XKV"", ""NJ5MJPU473"", ""X3XAJXBP9E"", ""4YTFWTAYF2"", ""VPN5QM2KVG"", ""UM3D9PJWCH"", ""5ZLU8KDG8B"", ""HNM58F2W2J"", ""HU3KTC3MDC"", ""52VRXQ4PSY"", ""FMXAE5LNSF"", ""E293QFR2PW"", ""4DE7X2XNXF"", ""958DTV8XLD"", ""SZGPXL3GVM"", ""RUPTAB4CSX"", ""EZLN5H823Y"", ""E8RNUX3BKA""]"
People who come from countries not well represented in the U.S. // How much priority should be given to each of the following?,"{""Top priority"": 0.030307030265075103, ""Some priority"": 0.6956985643878756, ""No priority"": 0.2739944053470493}","[""KB9RTBVQKT"", ""8PSAQLTRJ8"", ""VQTBFV3LGZ"", ""V6X7S2KDTY"", ""NM2VG4EZBV"", ""2A394QCY94"", ""FJ4LLURFX2"", ""DPPATW2KRQ"", ""F622B8HPU7"", ""HVA25KVHCS"", ""PNW2569P7R"", ""Z32VA2P6X9"", ""9ZLCSA76QZ"", ""76UP9HQ55L"", ""ZZRB6F9GL6"", ""G7TA6WR3HT"", ""G84LWB6GZ2"", ""E4FDJGH22C"", ""REV2QAFV3Z"", ""FF98UE629Q"", ""LF64KHP7NX"", ""Q7SRQANNXF"", ""68XV677456"", ""UJYMT35H7R"", ""DZ586ME99Z"", ""C334UFCZJ7"", ""YPB7PCHCSE"", ""CGWA9V99TY"", ""V4M95M3JLS"", ""Q8ZHQ7754P"", ""7TRV8W87AU"", ""LNLNFY243X"", ""6UQHZHMFUF"", ""GDD69NP728"", ""55QMFATL37"", ""UKQ8QE4VDS"", ""NUYZGENCYB"", ""VL4A8KSXB8"", ""7G4BBWGZBB"", ""C2X3P9KXAV"", ""Z7P3YGNMQ4"", ""3BEU4BJK9E"", ""GHEYMZFWP7"", ""URUWFA9987"", ""586N7Q2HCS"", ""R4PGL585WD"", ""QCBA8XCYBD"", ""KE9RGCD2HD"", ""5HNL6CCX3V"", ""NL6GR8E4L6"", ""KWXDGGPKS5"", ""XXBSLP7VMU"", ""3DY3LDF96E"", ""HHHQ5PPDCG"", ""7V8PV6FXEE"", ""XE5JP63KXW"", ""W7L9TJNS3T"", ""3EZ8JTHKG5"", ""GFXNACTEEB"", ""YVYJ75RM3H"", ""HDYJUCZVRK"", ""YHEM8HSLNH"", ""2U2SD64GY7"", ""RUE9EFW8HQ"", ""E9CD6E47MW"", ""GZZK7PWHML"", ""2WZ4AX8FHT"", ""QV42RHPSEH"", ""3XNWW68TJP"", ""JJCSCXAZQ7"", ""6WBFGHM9AM"", ""RNZHUD8T7M"", ""3PKRGF6USM"", ""VSRULDYZ44"", ""VTKRXW99NJ"", ""TBPDVM9GN9"", ""V32374KF28"", ""CMAV24N8KV"", ""82RMS3CT87"", ""CXPETCLBCV"", ""CHULJFDM5Q"", ""2XM9SK4WBY"", ""EQBK6VGWWL"", ""XZ2E4H5FS8"", ""MQF5Z54UWP"", ""5VDF3NT7EQ"", ""7J679PRXQZ"", ""J4L79S7W6H"", ""RT37Z3HTA8"", ""XLRKLULY94"", ""NSKQCEDGV6"", ""9TNE4JHB88"", ""NTGRWQ9FXT"", ""EPMQ7BAGUA"", ""5GTRXPDXGZ"", ""TCD3EMR8Q8"", ""Z8CAKME2VB"", ""MF3NXFRVX7"", ""KJF4RTWL29"", ""ZQEDU7THJ8""]"
Which comes closer to your view - even if neither is exactly right?,"{""Immigrants in our country today should adopt American customs and way of life"": 0.9545233176205477, ""Immigrants in our country today should be able to hold on to the customs and way of life of their home country"": 0.04547668237945244}","[""BYXZ37EDL4"", ""EY46VGDZF3"", ""MT8UW7USGQ"", ""L76STXRSNY"", ""PJ4ZZV7GU6"", ""UKQ8QE4VDS"", ""LNLNFY243X"", ""HC5PHNNVZH"", ""ZZRB6F9GL6"", ""8LMLRFCLS2"", ""PNEF6ST8C5"", ""F622B8HPU7"", ""G7TA6WR3HT"", ""C3T6QHQQMD"", ""HVA25KVHCS"", ""3BEU4BJK9E"", ""ZJ2VKJZM25"", ""NM2VG4EZBV"", ""GS7TF2VZ6V"", ""XF68K69KYU"", ""LK46AF3FGN"", ""EVG77K54GZ"", ""GPLUEG8SHX"", ""GZS4XDKX94"", ""C334UFCZJ7"", ""DDX6X553DU"", ""S4P7MJHS3X"", ""2UBUJVXVR5"", ""K7VLD2SMC7"", ""DENGWAM2PQ"", ""XXBSLP7VMU"", ""FJ4LLURFX2"", ""8VH6ZZ2XHC"", ""9YNWZKU4ML"", ""WD3RK3B7QJ"", ""VSVXWBMSC8"", ""2U2SD64GY7"", ""DYG7Q254LX"", ""SZ6GC46ELE"", ""JDDPXDT9UZ"", ""HQPYEAMRLD"", ""JJCSCXAZQ7"", ""GWSVWMPPZR"", ""KE9RGCD2HD"", ""XVWZA7H9AN"", ""9WRBXSC69G"", ""WWX6XQ5EBJ"", ""44GWGY62XZ"", ""Z32VA2P6X9"", ""M87DYYR22C"", ""CMAV24N8KV"", ""U5EMHNXL4H"", ""XRD9WU3YUH"", ""ZY7V73HRZF"", ""V32374KF28"", ""UQPKXMFZGH"", ""7TRV8W87AU"", ""4V4WL9LQ5W"", ""LFYXVNUK7R"", ""9ZLCSA76QZ"", ""6EJLFP78EP"", ""7V8PV6FXEE"", ""QJZKLS5UJN"", ""YPB7PCHCSE"", ""FF98UE629Q"", ""6UQHZHMFUF"", ""9M8NBDSSZD"", ""WVJ6JP8YEX"", ""QRG8GNRZGC"", ""DZ586ME99Z"", ""5VDF3NT7EQ"", ""55QMFATL37"", ""NL6GR8E4L6"", ""C2X3P9KXAV"", ""Q6U63L8XTM"", ""64L3GFTD3F"", ""Z7P3YGNMQ4"", ""URUWFA9987"", ""2WZ4AX8FHT"", ""QWKJM98XSP"", ""WTDY8M3LRJ"", ""E9NJQGXZGF"", ""ULFX5PDSWP"", ""5RZCCDHWNX"", ""QXS3FTHWR8"", ""8N3XLCV6R9"", ""FQSLYS55BJ"", ""J23Z4KS7ET"", ""3AGFCWP3S7"", ""Q6EXSNH9C7"", ""PNW2569P7R"", ""5UL39M79BB"", ""DR9885LQPW"", ""869HQX88CA"", ""FXCZ76YU6L"", ""J225LF8BTX"", ""ML8RJVR3RK"", ""R4PGL585WD"", ""6CHYZGUALM"", ""HHHQ5PPDCG""]"
Crime // What type of impact do you think immigrants living in the country legally are having on each of the following areas?,"{""Making things better"": 0.030303031570069132, ""Making things worse"": 0.030319010903770417, ""Not having much effect"": 0.9393779575261605}","[""BSBDC82BFY"", ""ESEP3TZY39"", ""7MWLJVZSHS"", ""LFD7NTNPA3"", ""GMK82HLG6R"", ""62AKHXPGAH"", ""YBQJE43L62"", ""S7386ZAHKY"", ""5UQ9JT3PHE"", ""2LLM96ZA6U"", ""EUWQ2ZKB5P"", ""DWCQTMM6EP"", ""8YCYYQR8UB"", ""GU28EPVLCV"", ""NXAELW3SLC"", ""X78QDYT4NM"", ""UE8QCMUZSZ"", ""97DLPJCP9U"", ""3FRJ8E2DKW"", ""3LVKTNR5JG"", ""L787SWXRKB"", ""CL386LKUEC"", ""9VR9ENUF8S"", ""LFUQ9HJMHK"", ""WGU5YH86A6"", ""EGDZFLCVYT"", ""D8VNBBJ7F7"", ""24UGS9DYYY"", ""PNP6P52U7W"", ""GT3TTY49XJ"", ""RFTCNLUKX7"", ""4F9UH84PF2"", ""KCTB22YPNX"", ""H5U8MX5CQV"", ""P7VW9PA9UL"", ""RLK4JZDXEM"", ""LGR37EB8LL"", ""Z9VT7E2NXX"", ""JZNZ59NHBF"", ""4H3HZVER3F"", ""7SQKYLQTBN"", ""YKAUKXBLWK"", ""QFDDFAM5HM"", ""J72HB26R98"", ""NX7ER7XGEB"", ""CZWJ7F76FM"", ""7R7B5GRGQJ"", ""LRFRHG9M9C"", ""S6BQMHK3AT"", ""QAFWC9JYHJ"", ""QURUN7V3KW"", ""FE5HN49KFD"", ""S37JY73KXH"", ""SEM7ENJGCD"", ""ZDM592SQ2T"", ""VM6AFA246M"", ""SHR54S5NSS"", ""F8LEHFR8JD"", ""PTLCD4Y9YF"", ""R553CB4EE5"", ""5B3W2P4XHM"", ""FU274J6JC7"", ""2FSCRVLGHG"", ""KVAK8K78YH"", ""5QTKDY4J52"", ""E6NHFLCWBX"", ""HUX2ZJF97A"", ""7G7AE2S4SL"", ""SYTEXRD6G4"", ""XBGNAE3Z37"", ""JSLEX5SSJY"", ""5ZDRZC2NTU"", ""2S93YMR6SK"", ""7D3L987KYU"", ""XMFJ3RPXPW"", ""WJLL5SLA7G"", ""DAMNJCC8E9"", ""8NGVT5XMYX"", ""GFR9A8M638"", ""F5N4GJPP7C"", ""LHG3VMNGUP"", ""EFQDCJSS8T"", ""25PDVZFXNV"", ""FYQPQ8QHH2"", ""JL7XFQX6QU"", ""TN66X62UEC"", ""V6YXFRN6E3"", ""NDBC76FVQ7"", ""FLAEJE4C7J"", ""J7BJJZ74UA"", ""S8ANCKSZV9"", ""WESJA9EUTX"", ""ZX4QG47J9Q"", ""9CQYAHU65N"", ""WDAGGLRBEZ"", ""XZ73NQLYUS"", ""B45EVKJ797"", ""2P7DUZ6YT9"", ""BD9RZHSQKL"", ""QGJY6SV876""]"
"Africa // When it comes to their values, how much do you think immigrants from each of the following regions have in common with most Americans?","{""A great deal"": 0.018181818778873034, ""A fair amount"": 0.018181819125376045, ""Some"": 0.01818925823163494, ""Not too much"": 0.9272652854205373, ""Nothing at all"": 0.018181818443578742}","[""8XKL7DNZKH"", ""UDMG76QBGY"", ""2Y9HYLE3M8"", ""UCANTWCHJZ"", ""P5CSQU9Y8G"", ""Y8R6FMQVXV"", ""ZG72F8Q6CW"", ""MZFHBPSCS9"", ""CT3DA4SZ64"", ""6XQXZLMZKU"", ""F9R5SNB2YF"", ""SK8LDK5B8G"", ""G6TGKRYE4K"", ""DQRE9WMEQV"", ""LKDE9792ZZ"", ""Y5BXRNJ79Q"", ""YQXGXSQQY4"", ""9J4PAA4VXZ"", ""QXD69UUPSZ"", ""379WDZRB95"", ""QV2CTNDNUB"", ""4MTEBYD5BR"", ""ERNGGVADYZ"", ""6M3WGXVTQF"", ""TSTQY6ZT28"", ""5TJBTTE8PE"", ""NZKFHADRUS"", ""ZU4SHZ5ZMC"", ""TLBRA3X3VE"", ""B9ARD2VPBS"", ""Z97XTVM2S7"", ""S2NZXEM2VU"", ""6ZDRRF4BQX"", ""NCSUSFGPUA"", ""WPNHTUPTVS"", ""RS28QTVUJW"", ""YSJP2ZC8XU"", ""7MXN7UR9P5"", ""HLXYCBPQDB"", ""BBE8MNLYSZ"", ""3K3P55AXMA"", ""YXCZ9G2P7L"", ""PEFBVTF3MC"", ""5JGM6RYBC2"", ""R3G2KXKYVB"", ""WLAWEU5NF4"", ""GFKCAWEJJQ"", ""CKWNKCKL3Y"", ""RHBNAAKN28"", ""K8PRLRXLFP"", ""5UVZP4AEL3"", ""WA7KYE6DS9"", ""EGTWSZQ7TA"", ""BPRUNGATGH"", ""N9L2N6EFV6"", ""R7RE25WSJW"", ""5CZAXC5UA3"", ""UPPLD4W5A6"", ""JS8SJK9S4K"", ""RBJQ8T82PE"", ""49BDSTGDMX"", ""26N6BF7XBZ"", ""4W43MRPK7R"", ""YE9UBDYFC3"", ""F4YSQUK4KQ"", ""7BNHFWQLQT"", ""YZ3YX8EFLR"", ""SNJBW29QYH"", ""MZUG7LKY9N"", ""G46EAR2TXW"", ""95RXLR5GC2"", ""ZZEPPVRTLF"", ""8FW7NATAMQ"", ""K32U2WDL3H"", ""QJMRGJJU23"", ""DJNKYX33C8"", ""VFRD8SAXVD"", ""ULHF4GM3DH"", ""T68XECVEPH"", ""6JTHATM6GE"", ""J72VMJJVTC"", ""8HRLB7LL48"", ""4ENF382KJ9"", ""DAV7UBUSNA"", ""J8BLC8YZXY"", ""7QDJYAL5BV"", ""Q5Q2RHL8T5"", ""VRZW7XE5SD"", ""VC3NJMF8CN"", ""5WUPY3JDV6"", ""R8NZVMGWV5"", ""ZQMWU38PY2"", ""3EXYBSHTGU"", ""XBCRYJYCCC"", ""2V5TR92WRG"", ""DVME7JV2N8"", ""LKGPEYUHJH"", ""YZF82E3RPX"", ""NKLK7YMWWL"", ""YMAG3FDK2L""]"
People who have close family members already living in the U.S. // How much priority should be given to each of the following?,"{""Top priority"": 0.032186868063295015, ""Some priority"": 0.03056615396113172, ""No priority"": 0.9372469779755732}","[""68XV677456"", ""F622B8HPU7"", ""V6X7S2KDTY"", ""PNW2569P7R"", ""FJ4LLURFX2"", ""76UP9HQ55L"", ""NM2VG4EZBV"", ""E4FDJGH22C"", ""ZZRB6F9GL6"", ""2U2SD64GY7"", ""Z32VA2P6X9"", ""5HNL6CCX3V"", ""G7TA6WR3HT"", ""VQTBFV3LGZ"", ""LF64KHP7NX"", ""55QMFATL37"", ""FF98UE629Q"", ""UKQ8QE4VDS"", ""C334UFCZJ7"", ""DZ586ME99Z"", ""XXBSLP7VMU"", ""6UQHZHMFUF"", ""YPB7PCHCSE"", ""7TRV8W87AU"", ""UJYMT35H7R"", ""VL4A8KSXB8"", ""LNLNFY243X"", ""NL6GR8E4L6"", ""HVA25KVHCS"", ""7V8PV6FXEE"", ""HHHQ5PPDCG"", ""3BEU4BJK9E"", ""Z7P3YGNMQ4"", ""PGY9B3PC3G"", ""KE9RGCD2HD"", ""9ZLCSA76QZ"", ""KWXDGGPKS5"", ""C2X3P9KXAV"", ""V32374KF28"", ""YHEM8HSLNH"", ""XZ2E4H5FS8"", ""ZCF8W5VSDC"", ""2WZ4AX8FHT"", ""JJCSCXAZQ7"", ""CMAV24N8KV"", ""3DY3LDF96E"", ""URUWFA9987"", ""5VDF3NT7EQ"", ""XJDRTXKKYC"", ""P2PPZXTLF8"", ""R4PGL585WD"", ""TF5JJ4WM8U"", ""MQF5Z54UWP"", ""EQBK6VGWWL"", ""3ZBYHZLKT3"", ""RT6GU4QPPU"", ""XLRKLULY94"", ""M9V944G4ZV"", ""NUYZGENCYB"", ""LXZMDHZYSG"", ""X5G5JAMKYK"", ""7G4BBWGZBB"", ""QC3AJ46DZZ"", ""3PKRGF6USM"", ""5WWGPBWCZM"", ""RQHG9XFDN8"", ""RT37Z3HTA8"", ""ZUSN6QTYVS"", ""P7ZT5U7TMN"", ""8TXJPY5V7L"", ""FHQ7TX75GX"", ""ZNXJ6GAD3V"", ""NU7C2VGZTV"", ""SYWZQSSY3S"", ""XU7RARTJCE"", ""NQDQVHDTZQ"", ""S7BJAWPFAW"", ""PMJX5H3XUR"", ""VH2CP2Z66Z"", ""HZ2BTEWXBD"", ""FJAHC4B2ZC"", ""5GTRXPDXGZ"", ""6ZMSWX8RGC"", ""VD23XV6WSC"", ""3NBXS4D8JP"", ""J9BNKUQBQL"", ""L9XH5X6JL9"", ""UEYAB6H3N9"", ""V7JLNGUTGD"", ""ZDE39X958C"", ""CHULJFDM5Q"", ""Y2AN6LXPTQ"", ""V4M95M3JLS"", ""43VZTWTCH3"", ""RQUUSZLCBS"", ""5D3TNEL59X"", ""YMUQQAX8PK"", ""GY6VTGG52C"", ""MR3B5M7UDT"", ""W9HU2HRAS9""]"
"How much have you seen, read, or heard about illegal immigration in the news lately?","{""A great deal"": 0.018409107061632058, ""A fair amount"": 0.025603333606695915, ""Some"": 0.39421026491729677, ""Not too much"": 0.5435872350951301, ""Nothing at all"": 0.018190059319245274}","[""XJR32VR943"", ""RMRY8SUV3F"", ""G5D9NSYD7T"", ""YM355LGW77"", ""H4V6DDCX45"", ""LPGQ8FB7TZ"", ""BD9JUVUS29"", ""JSKWZJLQL6"", ""DFMT4SRC9T"", ""FTFFXNBV4Q"", ""9VMXFTCPKQ"", ""JJ6R76TN84"", ""UKZWBF2UJV"", ""ZFV4UGM96S"", ""MYHJYLFMFE"", ""2UBD233SDV"", ""U3P55YYS4Z"", ""MXPZHHN6DV"", ""C3MY9234M5"", ""96E6PWR8FL"", ""RWTJL4P7H8"", ""ZDP7K3E8D6"", ""DL9JSFVZGR"", ""9LTNDJ8TEB"", ""W7QUMWCR24"", ""SAKE9AZQNM"", ""GKB2DRNG7K"", ""3U9B8TYWXY"", ""BL3FLB5GFX"", ""B9FCJH5RSR"", ""G67MA7JAVQ"", ""9HJK5GWL4K"", ""84MFUS499P"", ""LLT4EB7NHR"", ""GPPBB44CCN"", ""EMVVTNFNPK"", ""VD98EMAEPA"", ""7QWTJYSWF5"", ""J6G26ZUB3Q"", ""549GBTKENM"", ""FHNKZ55G5J"", ""ZXTD8JH6DT"", ""LA3N3M7Z5U"", ""TQFAB8P93H"", ""7BVCWRAQ93"", ""U59STS5RMC"", ""8RELPMZCS9"", ""LFHK5F4QST"", ""NNN273F2CC"", ""HUNMR37UKV"", ""WZATZFND5W"", ""U9QHABD26V"", ""6XMEGL7B5Y"", ""MNP6AHJJKE"", ""3CRAPD3QQ5"", ""NGR9EMFXYZ"", ""KJLVMZK5QM"", ""2M2C9JZ58N"", ""HCMAZ4JJLY"", ""2MC3RYZ2KT"", ""KHTRE6CREX"", ""CFJAS4JKL6"", ""NEX9526F8F"", ""TK8UDPRCKG"", ""CGXV4L6UKH"", ""5ZB6A5FVJT"", ""4WZBSGLCEF"", ""L3X3H6P7CC"", ""WX38T3ASCH"", ""VYMATQWKAC"", ""UQYPA65BFX"", ""VD7MMPJXRY"", ""DXELD2CLGN"", ""CHHLHFXSY4"", ""R4XVWKYFEY"", ""K7FPXPS64X"", ""TU89L6MPHE"", ""2S6PP4Q8XE"", ""FT5N6V9CB5"", ""BWX28AFF46"", ""HJUQ4URRB9"", ""UULBA92VD6"", ""6MPHUYE8JA"", ""QBF529PUSL"", ""TNH9F78J6C"", ""2FAPK5EGGB"", ""54TUDUCWQ2"", ""BUGGEQ7L59"", ""DFKK3RMHEF"", ""9TT7PNY5VK"", ""7F3KF29YDH"", ""LP8QL4UJD6"", ""YBQ8382L27"", ""DMVS8HAQDF"", ""QKPFHGLJVR"", ""J4FH5ARCPH"", ""V8R6AAWPPP"", ""F2G3HLL4JA"", ""H9ULT2UASM"", ""SUQMBK89E8""]"
How do you prefer your sandwiches to be served?,"{""Cut into rectangles"": 0.07752826679578227, ""Cut into triangles"": 0.031071149070228742, ""Whole and uncut"": 0.8914005841339889}","[""QX5A9EX93Q"", ""DDPG7DCSWK"", ""NMB8E9AB5P"", ""CNUSEBQYW3"", ""C6W335V23M"", ""ZASBGTB8JY"", ""9SQTGPKNYN"", ""6XN3XMM52Q"", ""KLELNZ5VQG"", ""RUYAQ795HN"", ""CRQNK5JDUK"", ""7Z8WF6JTXB"", ""STYBUFP86J"", ""5AH44LCDUG"", ""DCPK7X2CC9"", ""XSHDG66LR4"", ""LRVZ5UWRZF"", ""7LR8RPBKUX"", ""9Q3UVMDDBD"", ""M2E284A87W"", ""TCDTMVD52J"", ""QZZKWCREVC"", ""G6WHCPT72K"", ""C6E9H6K29Y"", ""FH7SP4AZYQ"", ""D4MSLU8HBE"", ""CQ36X44XY6"", ""R3KABZLNVM"", ""3NBZGZPBKS"", ""6Y7YX9ZN8Z"", ""QKCN3KLRUF"", ""R3BQTRTT43"", ""NSMDHJT6JN"", ""HCRNDDDQEY"", ""KJ8UG766X3"", ""97NT2MRFC7"", ""H8Y5SBHW66"", ""PH4UG352NS"", ""DVYWUD9YMD"", ""8QBZFK6DZ5"", ""E8EF293J7M"", ""PCF5ZCRN4Z"", ""K3XTF3VHL3"", ""LVWRC5H6YA"", ""XYVDYBBUXQ"", ""TRUKHGKR38"", ""DL8KBJW876"", ""YNHJHCHQKH"", ""KBUJ3SC63X"", ""2PBGHG7YCQ"", ""9QTPS9U8Z4"", ""MDPLZSXDX3"", ""2RAGN4XRCU"", ""URE4RCB79J"", ""HSXN26SU5N"", ""SDJ9UU925M"", ""PXDDX7ZYPZ"", ""WR4QEVMYTN"", ""CWTKYKERT4"", ""3V9GKD9HTX"", ""VKPXCB75YA"", ""6CD8NNHMMC"", ""USWEM942FP"", ""4WNCDLGNZK"", ""QATP8APHQD"", ""BWYPY89LG6"", ""33U75TUDUP"", ""TXX9AGBLNZ"", ""PBBYYP2SMA"", ""7E4EDHVURJ"", ""CBZBKW7MYU"", ""89QVAWFSHS"", ""BL8DL44K5D"", ""BNX59MC8PZ"", ""TKEJ6SKRS4"", ""5ZYHU6HTWC"", ""2J9UPNSPLB"", ""HLUB4BBAJG"", ""K56ZXY3DSF"", ""GYWPRNW8SP"", ""8SDN4B5BVL"", ""W52WUC5SFB"", ""UAEWP7ZQUS"", ""CU6GSB65CZ"", ""6TAYG6D998"", ""SRHHLUBN84"", ""E9EBQX9RNT"", ""LDWG43Y39E"", ""2BJKC4FEQL"", ""B2VUZYHNP8"", ""8V8QVNKLKQ"", ""XHB9EMKLJJ"", ""ZHZ3C2798H"", ""4Z73MSD5B2"", ""662676S69H"", ""WTKVLG9LWD"", ""U4ELD2RRF5"", ""MJEL3GMZ4Y"", ""965JJ2V9R9"", ""TR8KZTY4MZ""]"
Is there at least one working telephone inside your home that is not a cell phone?,"{""Yes"": 0.9545308410502561, ""No"": 0.04546915894974395}","[""J2EDVYJARH"", ""CB356RPBVA"", ""HDYJKPN67N"", ""YL38GWMBBZ"", ""J9Z8C8DW9N"", ""SP23R2996F"", ""26DFFW3R8E"", ""PENFVRSMKF"", ""BR2TRXL9ZJ"", ""7JTTX8WXTK"", ""P4AYBTPW3J"", ""MH239MCUWM"", ""2URXU94WYQ"", ""Y2QETPH7LV"", ""4HYCQQ2LVL"", ""GZB5M4N3UK"", ""LQ2YHPCGRN"", ""6BLVUFEYAF"", ""WX5WBPG8KX"", ""Q7Z6MGYAEK"", ""XPSU874HL9"", ""LUJDHFT29J"", ""63JZNMM265"", ""G5J46M87HU"", ""TRNVMANV3W"", ""SD6YUPPZFJ"", ""EUZ3SEZXSE"", ""7L3JRJV32G"", ""TAKDPELWDK"", ""SS8HFHEBS5"", ""7WNZHMKG8N"", ""FJCKNMVAXT"", ""XFLVGVNWBL"", ""GQBKJUEKTD"", ""59ULK9M6XY"", ""LPSZSB8HUB"", ""Z2KM272KD9"", ""LWDZXBVDKM"", ""B99QGKHHA8"", ""FND7869P6V"", ""PF4U7234V4"", ""TAJRNQ6MB6"", ""W6B2NBSYWT"", ""Y5M8VT8X4Z"", ""M6SSE2JYAE"", ""C6G4TFGQRQ"", ""D8AK85S44T"", ""PMQYTM3CPY"", ""H3VVBLGBSY"", ""2CVWGYACFA"", ""DKJYE9HSHR"", ""SYDWVELK3J"", ""H92JUP8PAL"", ""Y4WTV44DU2"", ""VJ6FWWNTZT"", ""KGVN5NXNEC"", ""5S9MGVRGSS"", ""MM7TKKZ2ZB"", ""9DHBF4AMCB"", ""JDJQGLLT63"", ""3XWSEFYST2"", ""M5ZUB72J4Q"", ""FCK4VKTLHL"", ""Q5L5EABP27"", ""DZEQBGRX4C"", ""6UTYKPNPBV"", ""84YLTT5ZJ9"", ""5PEZZN46D7"", ""EP8JP8MHDK"", ""33ZSXJGY4F"", ""WPV84RLZB4"", ""LXEHD4D6E6"", ""XU6AS4ADZR"", ""L6TNGXFKEX"", ""5HLYUK6C8A"", ""KM25H2SJY7"", ""3NR2K577NQ"", ""B25DY76R5T"", ""XD4XBMPU36"", ""Y7C2HAEBL4"", ""8JG8KU7XZG"", ""WPED73RWDN"", ""KL5SSJ8K3W"", ""VSSS7K8ERS"", ""SDPWMLVRNU"", ""7VNF3H4KSF"", ""K6K9ZWYTFY"", ""RSU8B446CE"", ""5KVJMLHWCE"", ""UR8LZ8XCJA"", ""UF93YZBHRJ"", ""RYG5CD9DYZ"", ""NPDLRYBVWD"", ""NXCA9VAR28"", ""5L29CUHVMW"", ""GAR63Y8X2X"", ""PRJK7927DE"", ""ZMJDSS6JGH"", ""H2ERK4JFLZ"", ""C7ABBSLFBU""]"
How concerned are you about how Companies use the data they collect about you?,"{""Very concerned"": 0.9318095224764059, ""Somewhat concerned"": 0.022734182413005972, ""Not very concerned"": 0.022728955226318293, ""Not at all concerned"": 0.022727339884269778}","[""RFSEVWHZGF"", ""Z433B7476L"", ""SXHR5PKESE"", ""N3Z6DWUGQU"", ""RNB88VJGRQ"", ""SLEN7R8A2T"", ""5YZTA4EFB8"", ""5GF6LW7WXG"", ""G9L9LSR8WL"", ""8NEDJKY2Z7"", ""XYASPJB5EF"", ""5FEDKM2JPT"", ""H5979R2QAU"", ""BVY33DM8EX"", ""PF763KZVE9"", ""CNPB4RK7KY"", ""KQUKLPGZHD"", ""2MMVZMMPKZ"", ""KQZHEXA2LQ"", ""WGA4YTWBXK"", ""T523G4M6CF"", ""VLJU657DDD"", ""58HHJCGJRN"", ""VRHD2A83DT"", ""LR3Z9F22NP"", ""EK3EH3SXU8"", ""TFKTU54HWM"", ""HYQUXGNFZ4"", ""UA7BEV78G2"", ""KHR9QPA4VC"", ""PEUB7PBTJZ"", ""YNHJHCHQKH"", ""U994EAMGCC"", ""4Q64ESCNHZ"", ""SAKAR26AAJ"", ""L5EEUF43PP"", ""YM9JEWYQMV"", ""L59LF9JGFY"", ""LWS6RXRU4B"", ""YNLNKE4Z54"", ""CST8E356TK"", ""HCXE3ZNQL4"", ""GRMH6T5E7T"", ""U6RBJFQDRS"", ""LLYY4HLGQB"", ""HSXN26SU5N"", ""3HZRXPSTVU"", ""9QTPS9U8Z4"", ""T34C7TSZU7"", ""WAFEKXKLZ3"", ""ZYHVS7PYUZ"", ""TRSVVZWFY3"", ""Q46BRT3QEW"", ""PR47AFFB8Y"", ""MSX2GE9Z3H"", ""XXBRNB5KEM"", ""B5TAC53TX7"", ""JQBR7F9CEU"", ""PPWJ5GANRN"", ""24WGJMWMQZ"", ""6SA8PUFCNN"", ""TW632KX7AJ"", ""9K7CGQ5TBV"", ""V56454EE62"", ""HVL4CWUN39"", ""P6LE9QENXL"", ""LKV3JCF6VU"", ""CBRW863R8G"", ""VQWNS99AC2"", ""Q2TRJFWEMJ"", ""NUK55NR7MR"", ""XBUPU7M7SD"", ""682847SQJC"", ""FRJ9SZPNCJ"", ""ECYF76HZ2K"", ""XUKTLB3ZVG"", ""HQ4VY2KNTW"", ""HNHEEGGX2V"", ""SSX35333EC"", ""FYV3WX7QWU"", ""V2AWAQRVDM"", ""KR3UBVJV48"", ""TX522EXU4P"", ""WJ88NRSTTW"", ""M2QMVPCKEL"", ""NNUZ6SMAEJ"", ""DC9L3RV2ME"", ""WMY5HP9FHL"", ""ZLPXTMT4EQ"", ""BG9F7TQU87"", ""5C4FDP3P86"", ""59497V5SVT"", ""JDZ3W359NH"", ""CSHT7JASPY"", ""8FYT46PMAB"", ""LXRNVZQ7VD"", ""5EDU37EZZY"", ""6BAR4LXS9F"", ""PLGGV5YECG"", ""JTH97QM7CB""]"
